id,sku,name,slug,category,brand,price_vnd,original_price_vnd,discount_percent,stock,rating,review_count,warranty_months,image_url,description,specs_json,is_featured,status,created_at,data_note
1,TCH-PHN-0001,Samsung Galaxy A56 5G Lite,samsung-galaxy-a56-5g-lite-001,Điện thoại,Samsung,8090000,8090000,0,94,4.1,228,12,https://placehold.co/600x600?text=PHN+001,"Samsung Galaxy A56 5G Lite thuộc nhóm điện thoại, phù hợp cho nhu cầu học tập, làm việc và giải trí trong website demo bán hàng công nghệ.","{""screen"": ""6.7 inch AMOLED 120Hz"", ""storage"": ""512GB"", ""ram"": ""12GB"", ""battery"": ""4500mAh""}",False,active,2026-04-19,Mock data generated for demo; not real inventory
2,TCH-PHN-0002,Apple iPhone 15,apple-iphone-15-002,Điện thoại,Apple,4790000,4790000,0,27,4.1,616,12,https://placehold.co/600x600?text=PHN+002,"Apple iPhone 15 thuộc nhóm điện thoại, phù hợp cho nhu cầu học tập, làm việc và giải trí trong website demo bán hàng công nghệ.","{""screen"": ""6.7 inch AMOLED 120Hz"", ""storage"": ""512GB"", ""ram"": ""12GB"", ""battery"": ""5200mAh""}",False,active,2026-04-18,Mock data generated for demo; not real inventory
3,TCH-PHN-0003,Xiaomi Redmi Note 14 2025,xiaomi-redmi-note-14-2025-003,Điện thoại,Xiaomi,21890000,24320000,10,103,4.8,777,12,https://placehold.co/600x600?text=PHN+003,"Xiaomi Redmi Note 14 2025 thuộc nhóm điện thoại, phù hợp cho nhu cầu học tập, làm việc và giải trí trong website demo bán hàng công nghệ.","{""screen"": ""6.5 inch AMOLED"", ""storage"": ""256GB"", ""ram"": ""6GB"", ""battery"": ""4500mAh""}",False,active,2026-03-28,Mock data generated for demo; not real inventory
4,TCH-PHN-0004,OPPO Reno 13F,oppo-reno-13f-004,Điện thoại,OPPO,7290000,8580000,15,12,4.2,352,24,https://placehold.co/600x600?text=PHN+004,"OPPO Reno 13F thuộc nhóm điện thoại, phù hợp cho nhu cầu học tập, làm việc và giải trí trong website demo bán hàng công nghệ.","{""screen"": ""6.1 inch OLED"", ""storage"": ""512GB"", ""ram"": ""8GB"", ""battery"": ""5200mAh""}",False,active,2026-02-01,Mock data generated for demo; not real inventory
5,TCH-PHN-0005,Vivo Vivo V40 Lite Pro,vivo-vivo-v40-lite-pro-005,Điện thoại,Vivo,6790000,7540000,10,106,4.6,370,24,https://placehold.co/600x600?text=PHN+005,"Vivo Vivo V40 Lite Pro thuộc nhóm điện thoại, phù hợp cho nhu cầu học tập, làm việc và giải trí trong website demo bán hàng công nghệ.","{""screen"": ""6.1 inch OLED"", ""storage"": ""128GB"", ""ram"": ""12GB"", ""battery"": ""4500mAh""}",False,active,2026-03-16,Mock data generated for demo; not real inventory
6,TCH-PHN-0006,realme realme 13 Pro,realme-realme-13-pro-006,Điện thoại,realme,13090000,13090000,0,48,4.1,650,18,https://placehold.co/600x600?text=PHN+006,"realme realme 13 Pro thuộc nhóm điện thoại, phù hợp cho nhu cầu học tập, làm việc và giải trí trong website demo bán hàng công nghệ.","{""screen"": ""6.5 inch AMOLED"", ""storage"": ""128GB"", ""ram"": ""12GB"", ""battery"": ""5000mAh""}",True,active,2026-01-19,Mock data generated for demo; not real inventory
7,TCH-PHN-0007,Nokia Nokia G42 Max,nokia-nokia-g42-max-007,Điện thoại,Nokia,29490000,31040000,5,68,4.7,167,18,https://placehold.co/600x600?text=PHN+007,"Nokia Nokia G42 Max thuộc nhóm điện thoại, phù hợp cho nhu cầu học tập, làm việc và giải trí trong website demo bán hàng công nghệ.","{""screen"": ""6.7 inch AMOLED 120Hz"", ""storage"": ""512GB"", ""ram"": ""12GB"", ""battery"": ""4500mAh""}",False,active,2026-03-25,Mock data generated for demo; not real inventory
8,TCH-PHN-0008,Nothing Phone 2a SE,nothing-phone-2a-se-008,Điện thoại,Nothing,5790000,6230000,7,105,3.8,323,18,https://placehold.co/600x600?text=PHN+008,"Nothing Phone 2a SE thuộc nhóm điện thoại, phù hợp cho nhu cầu học tập, làm việc và giải trí trong website demo bán hàng công nghệ.","{""screen"": ""6.1 inch OLED"", ""storage"": ""512GB"", ""ram"": ""12GB"", ""battery"": ""5000mAh""}",False,active,2026-02-24,Mock data generated for demo; not real inventory
9,TCH-PHN-0009,Samsung Galaxy A56 5G Lite,samsung-galaxy-a56-5g-lite-009,Điện thoại,Samsung,23990000,28220000,15,113,4.9,469,12,https://placehold.co/600x600?text=PHN+009,"Samsung Galaxy A56 5G Lite thuộc nhóm điện thoại, phù hợp cho nhu cầu học tập, làm việc và giải trí trong website demo bán hàng công nghệ.","{""screen"": ""6.1 inch OLED"", ""storage"": ""512GB"", ""ram"": ""12GB"", ""battery"": ""5200mAh""}",False,active,2026-03-09,Mock data generated for demo; not real inventory
10,TCH-PHN-0010,Apple iPhone 15 Lite,apple-iphone-15-lite-010,Điện thoại,Apple,27490000,32340000,15,114,4.5,370,12,https://placehold.co/600x600?text=PHN+010,"Apple iPhone 15 Lite thuộc nhóm điện thoại, phù hợp cho nhu cầu học tập, làm việc và giải trí trong website demo bán hàng công nghệ.","{""screen"": ""6.1 inch OLED"", ""storage"": ""512GB"", ""ram"": ""8GB"", ""battery"": ""4500mAh""}",False,active,2026-01-13,Mock data generated for demo; not real inventory
11,TCH-PHN-0011,Xiaomi Redmi Note 14 SE,xiaomi-redmi-note-14-se-011,Điện thoại,Xiaomi,7990000,8410000,5,80,4.0,696,18,https://placehold.co/600x600?text=PHN+011,"Xiaomi Redmi Note 14 SE thuộc nhóm điện thoại, phù hợp cho nhu cầu học tập, làm việc và giải trí trong website demo bán hàng công nghệ.","{""screen"": ""6.5 inch AMOLED"", ""storage"": ""256GB"", ""ram"": ""12GB"", ""battery"": ""5000mAh""}",False,active,2026-05-16,Mock data generated for demo; not real inventory
12,TCH-PHN-0012,OPPO Reno 13F Plus,oppo-reno-13f-plus-012,Điện thoại,OPPO,26190000,26190000,0,87,4.7,698,24,https://placehold.co/600x600?text=PHN+012,"OPPO Reno 13F Plus thuộc nhóm điện thoại, phù hợp cho nhu cầu học tập, làm việc và giải trí trong website demo bán hàng công nghệ.","{""screen"": ""6.7 inch AMOLED 120Hz"", ""storage"": ""256GB"", ""ram"": ""6GB"", ""battery"": ""5000mAh""}",False,active,2026-04-22,Mock data generated for demo; not real inventory
13,TCH-LAP-0013,Dell Inspiron 15 2025,dell-inspiron-15-2025-013,Laptop,Dell,27590000,27590000,0,92,4.9,269,36,https://placehold.co/600x600?text=LAP+013,"Dell Inspiron 15 2025 thuộc nhóm laptop, phù hợp cho nhu cầu học tập, làm việc và giải trí trong website demo bán hàng công nghệ.","{""cpu"": ""Apple M3"", ""ram"": ""8GB"", ""storage"": ""1TB SSD"", ""screen"": ""16 inch 2.5K""}",False,active,2026-05-10,Mock data generated for demo; not real inventory
14,TCH-LAP-0014,HP Pavilion 14 Max,hp-pavilion-14-max-014,Laptop,HP,17190000,18090000,5,47,4.7,552,36,https://placehold.co/600x600?text=LAP+014,"HP Pavilion 14 Max thuộc nhóm laptop, phù hợp cho nhu cầu học tập, làm việc và giải trí trong website demo bán hàng công nghệ.","{""cpu"": ""Apple M3"", ""ram"": ""16GB"", ""storage"": ""1TB SSD"", ""screen"": ""14 inch FHD""}",False,active,2026-01-29,Mock data generated for demo; not real inventory
15,TCH-LAP-0015,Lenovo IdeaPad Slim 5 Plus,lenovo-ideapad-slim-5-plus-015,Laptop,Lenovo,44990000,49990000,10,30,3.9,580,12,https://placehold.co/600x600?text=LAP+015,"Lenovo IdeaPad Slim 5 Plus thuộc nhóm laptop, phù hợp cho nhu cầu học tập, làm việc và giải trí trong website demo bán hàng công nghệ.","{""cpu"": ""AMD Ryzen 7"", ""ram"": ""8GB"", ""storage"": ""512GB SSD"", ""screen"": ""14 inch FHD""}",True,active,2026-05-02,Mock data generated for demo; not real inventory
16,TCH-LAP-0016,ASUS Vivobook 15 Max,asus-vivobook-15-max-016,Laptop,ASUS,15790000,17540000,10,67,4.8,433,12,https://placehold.co/600x600?text=LAP+016,"ASUS Vivobook 15 Max thuộc nhóm laptop, phù hợp cho nhu cầu học tập, làm việc và giải trí trong website demo bán hàng công nghệ.","{""cpu"": ""Intel Core i7"", ""ram"": ""32GB"", ""storage"": ""1TB SSD"", ""screen"": ""15.6 inch FHD""}",False,active,2026-04-06,Mock data generated for demo; not real inventory
17,TCH-LAP-0017,Acer Aspire 5 Pro,acer-aspire-5-pro-017,Laptop,Acer,45890000,57360000,20,15,4.1,65,24,https://placehold.co/600x600?text=LAP+017,"Acer Aspire 5 Pro thuộc nhóm laptop, phù hợp cho nhu cầu học tập, làm việc và giải trí trong website demo bán hàng công nghệ.","{""cpu"": ""Apple M3"", ""ram"": ""8GB"", ""storage"": ""512GB SSD"", ""screen"": ""14 inch FHD""}",True,active,2026-01-19,Mock data generated for demo; not real inventory
18,TCH-LAP-0018,MSI Modern 14 Lite,msi-modern-14-lite-018,Laptop,MSI,34890000,34890000,0,29,3.9,32,24,https://placehold.co/600x600?text=LAP+018,"MSI Modern 14 Lite thuộc nhóm laptop, phù hợp cho nhu cầu học tập, làm việc và giải trí trong website demo bán hàng công nghệ.","{""cpu"": ""Intel Core i7"", ""ram"": ""16GB"", ""storage"": ""1TB SSD"", ""screen"": ""14 inch FHD""}",True,active,2026-05-19,Mock data generated for demo; not real inventory
19,TCH-LAP-0019,Apple MacBook Air M3 2025,apple-macbook-air-m3-2025-019,Laptop,Apple,38690000,48360000,20,31,4.7,826,24,https://placehold.co/600x600?text=LAP+019,"Apple MacBook Air M3 2025 thuộc nhóm laptop, phù hợp cho nhu cầu học tập, làm việc và giải trí trong website demo bán hàng công nghệ.","{""cpu"": ""Intel Core i5"", ""ram"": ""32GB"", ""storage"": ""1TB SSD"", ""screen"": ""15.6 inch FHD""}",False,active,2026-04-19,Mock data generated for demo; not real inventory
20,TCH-LAP-0020,Gigabyte G5 Gaming Pro,gigabyte-g5-gaming-pro-020,Laptop,Gigabyte,28190000,28190000,0,86,4.6,661,12,https://placehold.co/600x600?text=LAP+020,"Gigabyte G5 Gaming Pro thuộc nhóm laptop, phù hợp cho nhu cầu học tập, làm việc và giải trí trong website demo bán hàng công nghệ.","{""cpu"": ""AMD Ryzen 5"", ""ram"": ""8GB"", ""storage"": ""512GB SSD"", ""screen"": ""14 inch FHD""}",True,active,2026-02-18,Mock data generated for demo; not real inventory
21,TCH-LAP-0021,Dell Inspiron 15 Max,dell-inspiron-15-max-021,Laptop,Dell,27390000,28830000,5,54,4.0,473,12,https://placehold.co/600x600?text=LAP+021,"Dell Inspiron 15 Max thuộc nhóm laptop, phù hợp cho nhu cầu học tập, làm việc và giải trí trong website demo bán hàng công nghệ.","{""cpu"": ""Intel Core i5"", ""ram"": ""16GB"", ""storage"": ""512GB SSD"", ""screen"": ""14 inch FHD""}",False,active,2026-05-19,Mock data generated for demo; not real inventory
22,TCH-LAP-0022,HP Pavilion 14 SE,hp-pavilion-14-se-022,Laptop,HP,9590000,9590000,0,118,4.7,242,12,https://placehold.co/600x600?text=LAP+022,"HP Pavilion 14 SE thuộc nhóm laptop, phù hợp cho nhu cầu học tập, làm việc và giải trí trong website demo bán hàng công nghệ.","{""cpu"": ""AMD Ryzen 7"", ""ram"": ""8GB"", ""storage"": ""1TB SSD"", ""screen"": ""14 inch FHD""}",False,active,2026-02-12,Mock data generated for demo; not real inventory
23,TCH-LAP-0023,Lenovo IdeaPad Slim 5 Pro,lenovo-ideapad-slim-5-pro-023,Laptop,Lenovo,9090000,10690000,15,33,4.9,803,24,https://placehold.co/600x600?text=LAP+023,"Lenovo IdeaPad Slim 5 Pro thuộc nhóm laptop, phù hợp cho nhu cầu học tập, làm việc và giải trí trong website demo bán hàng công nghệ.","{""cpu"": ""Apple M3"", ""ram"": ""32GB"", ""storage"": ""1TB SSD"", ""screen"": ""14 inch FHD""}",False,active,2026-02-18,Mock data generated for demo; not real inventory
24,TCH-LAP-0024,ASUS Vivobook 15 Plus,asus-vivobook-15-plus-024,Laptop,ASUS,17990000,17990000,0,74,4.7,62,36,https://placehold.co/600x600?text=LAP+024,"ASUS Vivobook 15 Plus thuộc nhóm laptop, phù hợp cho nhu cầu học tập, làm việc và giải trí trong website demo bán hàng công nghệ.","{""cpu"": ""Intel Core i5"", ""ram"": ""32GB"", ""storage"": ""1TB SSD"", ""screen"": ""16 inch 2.5K""}",False,active,2026-05-16,Mock data generated for demo; not real inventory
25,TCH-TAB-0025,Apple iPad Gen 10 2025,apple-ipad-gen-10-2025-025,Máy tính bảng,Apple,6390000,6390000,0,108,4.0,609,12,https://placehold.co/600x600?text=TAB+025,"Apple iPad Gen 10 2025 thuộc nhóm máy tính bảng, phù hợp cho nhu cầu học tập, làm việc và giải trí trong website demo bán hàng công nghệ.","{""screen"": ""10.9 inch"", ""storage"": ""128GB"", ""wifi"": ""WiFi""}",False,active,2026-05-26,Mock data generated for demo; not real inventory
26,TCH-TAB-0026,Samsung Galaxy Tab S9 FE 2025,samsung-galaxy-tab-s9-fe-2025-026,Máy tính bảng,Samsung,5690000,5690000,0,53,4.6,578,24,https://placehold.co/600x600?text=TAB+026,"Samsung Galaxy Tab S9 FE 2025 thuộc nhóm máy tính bảng, phù hợp cho nhu cầu học tập, làm việc và giải trí trong website demo bán hàng công nghệ.","{""screen"": ""10.9 inch"", ""storage"": ""256GB"", ""wifi"": ""WiFi + 5G""}",False,active,2026-03-03,Mock data generated for demo; not real inventory
27,TCH-TAB-0027,Lenovo Tab M11 Plus,lenovo-tab-m11-plus-027,Máy tính bảng,Lenovo,20290000,21360000,5,85,4.6,468,24,https://placehold.co/600x600?text=TAB+027,"Lenovo Tab M11 Plus thuộc nhóm máy tính bảng, phù hợp cho nhu cầu học tập, làm việc và giải trí trong website demo bán hàng công nghệ.","{""screen"": ""10.9 inch"", ""storage"": ""64GB"", ""wifi"": ""WiFi + 5G""}",False,active,2026-05-25,Mock data generated for demo; not real inventory
28,TCH-TAB-0028,Xiaomi Pad 6,xiaomi-pad-6-028,Máy tính bảng,Xiaomi,6990000,7520000,7,64,4.1,357,12,https://placehold.co/600x600?text=TAB+028,"Xiaomi Pad 6 thuộc nhóm máy tính bảng, phù hợp cho nhu cầu học tập, làm việc và giải trí trong website demo bán hàng công nghệ.","{""screen"": ""11 inch"", ""storage"": ""128GB"", ""wifi"": ""WiFi""}",False,active,2026-04-23,Mock data generated for demo; not real inventory
29,TCH-TAB-0029,Huawei MatePad 11.5 SE,huawei-matepad-11-5-se-029,Máy tính bảng,Huawei,16390000,16390000,0,85,4.8,306,12,https://placehold.co/600x600?text=TAB+029,"Huawei MatePad 11.5 SE thuộc nhóm máy tính bảng, phù hợp cho nhu cầu học tập, làm việc và giải trí trong website demo bán hàng công nghệ.","{""screen"": ""10.9 inch"", ""storage"": ""128GB"", ""wifi"": ""WiFi""}",False,active,2026-01-28,Mock data generated for demo; not real inventory
30,TCH-TAB-0030,Apple iPad Gen 10 Lite,apple-ipad-gen-10-lite-030,Máy tính bảng,Apple,10390000,11540000,10,36,4.5,734,24,https://placehold.co/600x600?text=TAB+030,"Apple iPad Gen 10 Lite thuộc nhóm máy tính bảng, phù hợp cho nhu cầu học tập, làm việc và giải trí trong website demo bán hàng công nghệ.","{""screen"": ""12.4 inch"", ""storage"": ""128GB"", ""wifi"": ""WiFi + 5G""}",False,active,2026-03-06,Mock data generated for demo; not real inventory
31,TCH-EAR-0031,Sony WH-CH720N SE,sony-wh-ch720n-se-031,Tai nghe,Sony,819000,819000,0,81,4.3,283,6,https://placehold.co/600x600?text=EAR+031,"Sony WH-CH720N SE thuộc nhóm tai nghe, phù hợp cho nhu cầu học tập, làm việc và giải trí trong website demo bán hàng công nghệ.","{""type"": ""True Wireless"", ""noise_canceling"": ""Không"", ""battery"": ""20 giờ""}",True,active,2026-04-24,Mock data generated for demo; not real inventory
32,TCH-EAR-0032,JBL Tune Flex Max,jbl-tune-flex-max-032,Tai nghe,JBL,7590000,8930000,15,71,3.8,77,24,https://placehold.co/600x600?text=EAR+032,"JBL Tune Flex Max thuộc nhóm tai nghe, phù hợp cho nhu cầu học tập, làm việc và giải trí trong website demo bán hàng công nghệ.","{""type"": ""In-ear"", ""noise_canceling"": ""Có"", ""battery"": ""30 giờ""}",False,active,2026-05-30,Mock data generated for demo; not real inventory
33,TCH-EAR-0033,Samsung Galaxy Buds FE Max,samsung-galaxy-buds-fe-max-033,Tai nghe,Samsung,1890000,2220000,15,16,3.9,373,6,https://placehold.co/600x600?text=EAR+033,"Samsung Galaxy Buds FE Max thuộc nhóm tai nghe, phù hợp cho nhu cầu học tập, làm việc và giải trí trong website demo bán hàng công nghệ.","{""type"": ""True Wireless"", ""noise_canceling"": ""Có"", ""battery"": ""40 giờ""}",False,active,2026-01-27,Mock data generated for demo; not real inventory
34,TCH-EAR-0034,Apple AirPods 4 Plus,apple-airpods-4-plus-034,Tai nghe,Apple,8290000,9750000,15,79,4.7,242,6,https://placehold.co/600x600?text=EAR+034,"Apple AirPods 4 Plus thuộc nhóm tai nghe, phù hợp cho nhu cầu học tập, làm việc và giải trí trong website demo bán hàng công nghệ.","{""type"": ""True Wireless"", ""noise_canceling"": ""Không"", ""battery"": ""20 giờ""}",False,active,2026-02-15,Mock data generated for demo; not real inventory
35,TCH-EAR-0035,Soundcore Liberty 4 NC Lite,soundcore-liberty-4-nc-lite-035,Tai nghe,Soundcore,3690000,4340000,15,102,4.6,752,6,https://placehold.co/600x600?text=EAR+035,"Soundcore Liberty 4 NC Lite thuộc nhóm tai nghe, phù hợp cho nhu cầu học tập, làm việc và giải trí trong website demo bán hàng công nghệ.","{""type"": ""In-ear"", ""noise_canceling"": ""Có"", ""battery"": ""30 giờ""}",False,active,2026-01-10,Mock data generated for demo; not real inventory
36,TCH-EAR-0036,Baseus Bowie MA10 SE,baseus-bowie-ma10-se-036,Tai nghe,Baseus,5190000,5580000,7,25,4.8,471,12,https://placehold.co/600x600?text=EAR+036,"Baseus Bowie MA10 SE thuộc nhóm tai nghe, phù hợp cho nhu cầu học tập, làm việc và giải trí trong website demo bán hàng công nghệ.","{""type"": ""True Wireless"", ""noise_canceling"": ""Có"", ""battery"": ""20 giờ""}",False,active,2026-02-19,Mock data generated for demo; not real inventory
37,TCH-EAR-0037,Xiaomi Redmi Buds 5 Pro,xiaomi-redmi-buds-5-pro-037,Tai nghe,Xiaomi,3690000,4100000,10,110,3.9,791,12,https://placehold.co/600x600?text=EAR+037,"Xiaomi Redmi Buds 5 Pro thuộc nhóm tai nghe, phù hợp cho nhu cầu học tập, làm việc và giải trí trong website demo bán hàng công nghệ.","{""type"": ""In-ear"", ""noise_canceling"": ""Không"", ""battery"": ""40 giờ""}",False,active,2026-05-18,Mock data generated for demo; not real inventory
38,TCH-EAR-0038,Marshall Minor IV Plus,marshall-minor-iv-plus-038,Tai nghe,Marshall,579000,579000,0,112,5.0,182,24,https://placehold.co/600x600?text=EAR+038,"Marshall Minor IV Plus thuộc nhóm tai nghe, phù hợp cho nhu cầu học tập, làm việc và giải trí trong website demo bán hàng công nghệ.","{""type"": ""Over-ear"", ""noise_canceling"": ""Có"", ""battery"": ""20 giờ""}",False,active,2026-04-22,Mock data generated for demo; not real inventory
39,TCH-CHG-0039,Anker Nano II 65W Plus,anker-nano-ii-65w-plus-039,Củ sạc,Anker,949000,1120000,15,77,5.0,118,24,https://placehold.co/600x600?text=CHG+039,"Anker Nano II 65W Plus thuộc nhóm củ sạc, phù hợp cho nhu cầu học tập, làm việc và giải trí trong website demo bán hàng công nghệ.","{""power"": ""25W"", ""ports"": ""2 USB-C"", ""technology"": ""GaN""}",False,active,2026-04-22,Mock data generated for demo; not real inventory
40,TCH-CHG-0040,Baseus GaN5 Pro 65W,baseus-gan5-pro-65w-040,Củ sạc,Baseus,1490000,1600000,7,46,4.3,680,18,https://placehold.co/600x600?text=CHG+040,"Baseus GaN5 Pro 65W thuộc nhóm củ sạc, phù hợp cho nhu cầu học tập, làm việc và giải trí trong website demo bán hàng công nghệ.","{""power"": ""100W"", ""ports"": ""1 USB-C"", ""technology"": ""QC 3.0""}",False,active,2026-03-18,Mock data generated for demo; not real inventory
41,TCH-CHG-0041,Ugreen Nexode 45W Max,ugreen-nexode-45w-max-041,Củ sạc,Ugreen,939000,1100000,15,41,4.3,302,12,https://placehold.co/600x600?text=CHG+041,"Ugreen Nexode 45W Max thuộc nhóm củ sạc, phù hợp cho nhu cầu học tập, làm việc và giải trí trong website demo bán hàng công nghệ.","{""power"": ""100W"", ""ports"": ""2 USB-C"", ""technology"": ""QC 3.0""}",False,active,2026-02-14,Mock data generated for demo; not real inventory
42,TCH-CHG-0042,Samsung Super Fast 25W Max,samsung-super-fast-25w-max-042,Củ sạc,Samsung,1590000,1770000,10,51,4.5,0,18,https://placehold.co/600x600?text=CHG+042,"Samsung Super Fast 25W Max thuộc nhóm củ sạc, phù hợp cho nhu cầu học tập, làm việc và giải trí trong website demo bán hàng công nghệ.","{""power"": ""45W"", ""ports"": ""2C + 1A"", ""technology"": ""QC 3.0""}",False,active,2026-03-24,Mock data generated for demo; not real inventory
43,TCH-CHG-0043,Apple USB-C 20W Pro,apple-usb-c-20w-pro-043,Củ sạc,Apple,1290000,1610000,20,86,4.1,484,12,https://placehold.co/600x600?text=CHG+043,"Apple USB-C 20W Pro thuộc nhóm củ sạc, phù hợp cho nhu cầu học tập, làm việc và giải trí trong website demo bán hàng công nghệ.","{""power"": ""33W"", ""ports"": ""2C + 1A"", ""technology"": ""QC 3.0""}",False,active,2026-03-27,Mock data generated for demo; not real inventory
44,TCH-CHG-0044,Xiaomi GaN 33W,xiaomi-gan-33w-044,Củ sạc,Xiaomi,749000,830000,10,28,4.8,150,6,https://placehold.co/600x600?text=CHG+044,"Xiaomi GaN 33W thuộc nhóm củ sạc, phù hợp cho nhu cầu học tập, làm việc và giải trí trong website demo bán hàng công nghệ.","{""power"": ""45W"", ""ports"": ""2C + 1A"", ""technology"": ""GaN""}",True,active,2026-04-27,Mock data generated for demo; not real inventory
45,TCH-CHG-0045,Aukey Omnia 100W Pro,aukey-omnia-100w-pro-045,Củ sạc,Aukey,1790000,1920000,7,91,4.6,506,24,https://placehold.co/600x600?text=CHG+045,"Aukey Omnia 100W Pro thuộc nhóm củ sạc, phù hợp cho nhu cầu học tập, làm việc và giải trí trong website demo bán hàng công nghệ.","{""power"": ""100W"", ""ports"": ""2C + 1A"", ""technology"": ""GaN""}",False,active,2026-01-28,Mock data generated for demo; not real inventory
46,TCH-CHG-0046,Anker Nano II 65W SE,anker-nano-ii-65w-se-046,Củ sạc,Anker,1290000,1390000,7,22,4.8,712,24,https://placehold.co/600x600?text=CHG+046,"Anker Nano II 65W SE thuộc nhóm củ sạc, phù hợp cho nhu cầu học tập, làm việc và giải trí trong website demo bán hàng công nghệ.","{""power"": ""25W"", ""ports"": ""1 USB-C"", ""technology"": ""PD""}",True,active,2026-02-04,Mock data generated for demo; not real inventory
47,TCH-CAB-0047,Anker USB-C to C 100W SE,anker-usb-c-to-c-100w-se-047,Cáp sạc,Anker,659000,750000,12,96,4.9,627,24,https://placehold.co/600x600?text=CAB+047,"Anker USB-C to C 100W SE thuộc nhóm cáp sạc, phù hợp cho nhu cầu học tập, làm việc và giải trí trong website demo bán hàng công nghệ.","{""length"": ""2m"", ""connector"": ""USB-C to Lightning"", ""power"": ""60W""}",False,active,2026-05-02,Mock data generated for demo; not real inventory
48,TCH-CAB-0048,Baseus Type-C 2m Pro,baseus-type-c-2m-pro-048,Cáp sạc,Baseus,399000,430000,7,107,4.6,784,24,https://placehold.co/600x600?text=CAB+048,"Baseus Type-C 2m Pro thuộc nhóm cáp sạc, phù hợp cho nhu cầu học tập, làm việc và giải trí trong website demo bán hàng công nghệ.","{""length"": ""1.5m"", ""connector"": ""USB-C to Lightning"", ""power"": ""60W""}",False,active,2026-03-15,Mock data generated for demo; not real inventory
49,TCH-CAB-0049,Ugreen Lightning 1m 2025,ugreen-lightning-1m-2025-049,Cáp sạc,Ugreen,409000,460000,12,40,4.9,82,6,https://placehold.co/600x600?text=CAB+049,"Ugreen Lightning 1m 2025 thuộc nhóm cáp sạc, phù hợp cho nhu cầu học tập, làm việc và giải trí trong website demo bán hàng công nghệ.","{""length"": ""1.5m"", ""connector"": ""USB-A to C"", ""power"": ""60W""}",True,active,2026-02-24,Mock data generated for demo; not real inventory
50,TCH-CAB-0050,Apple USB-C to Lightning,apple-usb-c-to-lightning-050,Cáp sạc,Apple,599000,700000,15,42,4.5,425,3,https://placehold.co/600x600?text=CAB+050,"Apple USB-C to Lightning thuộc nhóm cáp sạc, phù hợp cho nhu cầu học tập, làm việc và giải trí trong website demo bán hàng công nghệ.","{""length"": ""1.5m"", ""connector"": ""USB-C to Lightning"", ""power"": ""240W""}",False,active,2026-01-06,Mock data generated for demo; not real inventory
51,TCH-CAB-0051,Samsung Braided Cable 60W SE,samsung-braided-cable-60w-se-051,Cáp sạc,Samsung,799000,940000,15,61,3.8,360,12,https://placehold.co/600x600?text=CAB+051,"Samsung Braided Cable 60W SE thuộc nhóm cáp sạc, phù hợp cho nhu cầu học tập, làm việc và giải trí trong website demo bán hàng công nghệ.","{""length"": ""1.5m"", ""connector"": ""USB-A to C"", ""power"": ""240W""}",False,active,2026-05-20,Mock data generated for demo; not real inventory
52,TCH-CAB-0052,Belkin BoostCharge Cable SE,belkin-boostcharge-cable-se-052,Cáp sạc,Belkin,349000,440000,20,28,4.1,497,3,https://placehold.co/600x600?text=CAB+052,"Belkin BoostCharge Cable SE thuộc nhóm cáp sạc, phù hợp cho nhu cầu học tập, làm việc và giải trí trong website demo bán hàng công nghệ.","{""length"": ""2m"", ""connector"": ""USB-A to C"", ""power"": ""100W""}",False,active,2026-02-12,Mock data generated for demo; not real inventory
53,TCH-PWR-0053,Anker PowerCore 10000 SE,anker-powercore-10000-se-053,Pin sạc dự phòng,Anker,1490000,1570000,5,79,4.4,403,6,https://placehold.co/600x600?text=PWR+053,"Anker PowerCore 10000 SE thuộc nhóm pin sạc dự phòng, phù hợp cho nhu cầu học tập, làm việc và giải trí trong website demo bán hàng công nghệ.","{""capacity"": ""20000mAh"", ""fast_charge"": ""22.5W"", ""ports"": ""3 cổng""}",True,active,2026-02-16,Mock data generated for demo; not real inventory
54,TCH-PWR-0054,Baseus Blade 20000mAh,baseus-blade-20000mah-054,Pin sạc dự phòng,Baseus,959000,1130000,15,41,4.1,334,18,https://placehold.co/600x600?text=PWR+054,"Baseus Blade 20000mAh thuộc nhóm pin sạc dự phòng, phù hợp cho nhu cầu học tập, làm việc và giải trí trong website demo bán hàng công nghệ.","{""capacity"": ""20000mAh"", ""fast_charge"": ""30W"", ""ports"": ""3 cổng""}",False,active,2026-03-06,Mock data generated for demo; not real inventory
55,TCH-PWR-0055,Xiaomi Mi Power Bank 20000 SE,xiaomi-mi-power-bank-20000-se-055,Pin sạc dự phòng,Xiaomi,499000,620000,20,2,4.7,53,18,https://placehold.co/600x600?text=PWR+055,"Xiaomi Mi Power Bank 20000 SE thuộc nhóm pin sạc dự phòng, phù hợp cho nhu cầu học tập, làm việc và giải trí trong website demo bán hàng công nghệ.","{""capacity"": ""10000mAh"", ""fast_charge"": ""18W"", ""ports"": ""2 cổng""}",False,active,2026-03-05,Mock data generated for demo; not real inventory
56,TCH-PWR-0056,Ugreen Nexode 12000 2025,ugreen-nexode-12000-2025-056,Pin sạc dự phòng,Ugreen,2490000,2490000,0,79,4.0,129,24,https://placehold.co/600x600?text=PWR+056,"Ugreen Nexode 12000 2025 thuộc nhóm pin sạc dự phòng, phù hợp cho nhu cầu học tập, làm việc và giải trí trong website demo bán hàng công nghệ.","{""capacity"": ""30000mAh"", ""fast_charge"": ""22.5W"", ""ports"": ""3 cổng""}",False,active,2026-03-07,Mock data generated for demo; not real inventory
57,TCH-PWR-0057,Energizer Ultimate 10000 SE,energizer-ultimate-10000-se-057,Pin sạc dự phòng,Energizer,1290000,1360000,5,77,4.5,765,6,https://placehold.co/600x600?text=PWR+057,"Energizer Ultimate 10000 SE thuộc nhóm pin sạc dự phòng, phù hợp cho nhu cầu học tập, làm việc và giải trí trong website demo bán hàng công nghệ.","{""capacity"": ""10000mAh"", ""fast_charge"": ""30W"", ""ports"": ""2 cổng""}",False,active,2026-05-29,Mock data generated for demo; not real inventory
58,TCH-PWR-0058,Mophie Powerstation 10K,mophie-powerstation-10k-058,Pin sạc dự phòng,Mophie,1090000,1280000,15,50,4.9,203,6,https://placehold.co/600x600?text=PWR+058,"Mophie Powerstation 10K thuộc nhóm pin sạc dự phòng, phù hợp cho nhu cầu học tập, làm việc và giải trí trong website demo bán hàng công nghệ.","{""capacity"": ""30000mAh"", ""fast_charge"": ""22.5W"", ""ports"": ""2 cổng""}",False,active,2026-03-19,Mock data generated for demo; not real inventory
59,TCH-MOU-0059,Logitech M650 Silent SE,logitech-m650-silent-se-059,Chuột,Logitech,3190000,3190000,0,101,5.0,801,12,https://placehold.co/600x600?text=MOU+059,"Logitech M650 Silent SE thuộc nhóm chuột, phù hợp cho nhu cầu học tập, làm việc và giải trí trong website demo bán hàng công nghệ.","{""connection"": ""Wireless 2.4GHz"", ""dpi"": ""26000 DPI"", ""silent"": ""Không""}",False,active,2026-01-18,Mock data generated for demo; not real inventory
60,TCH-MOU-0060,Razer DeathAdder V3 Max,razer-deathadder-v3-max-060,Chuột,Razer,1890000,1890000,0,108,4.3,501,12,https://placehold.co/600x600?text=MOU+060,"Razer DeathAdder V3 Max thuộc nhóm chuột, phù hợp cho nhu cầu học tập, làm việc và giải trí trong website demo bán hàng công nghệ.","{""connection"": ""Wireless 2.4GHz"", ""dpi"": ""26000 DPI"", ""silent"": ""Không""}",False,active,2026-02-09,Mock data generated for demo; not real inventory
61,TCH-MOU-0061,SteelSeries Rival 3 Wireless Pro,steelseries-rival-3-wireless-pro-061,Chuột,SteelSeries,999000,1110000,10,78,4.8,551,24,https://placehold.co/600x600?text=MOU+061,"SteelSeries Rival 3 Wireless Pro thuộc nhóm chuột, phù hợp cho nhu cầu học tập, làm việc và giải trí trong website demo bán hàng công nghệ.","{""connection"": ""USB-C wired"", ""dpi"": ""26000 DPI"", ""silent"": ""Không""}",False,active,2026-03-24,Mock data generated for demo; not real inventory
62,TCH-MOU-0062,ASUS TUF M3 SE,asus-tuf-m3-se-062,Chuột,ASUS,1390000,1390000,0,35,4.9,249,24,https://placehold.co/600x600?text=MOU+062,"ASUS TUF M3 SE thuộc nhóm chuột, phù hợp cho nhu cầu học tập, làm việc và giải trí trong website demo bán hàng công nghệ.","{""connection"": ""USB-C wired"", ""dpi"": ""8000 DPI"", ""silent"": ""Không""}",False,active,2026-01-08,Mock data generated for demo; not real inventory
63,TCH-MOU-0063,Microsoft Bluetooth Mouse Pro,microsoft-bluetooth-mouse-pro-063,Chuột,Microsoft,1790000,1880000,5,62,4.1,816,24,https://placehold.co/600x600?text=MOU+063,"Microsoft Bluetooth Mouse Pro thuộc nhóm chuột, phù hợp cho nhu cầu học tập, làm việc và giải trí trong website demo bán hàng công nghệ.","{""connection"": ""USB-C wired"", ""dpi"": ""26000 DPI"", ""silent"": ""Không""}",False,active,2026-05-23,Mock data generated for demo; not real inventory
64,TCH-MOU-0064,Rapoo MT760,rapoo-mt760-064,Chuột,Rapoo,2790000,3000000,7,10,4.1,416,24,https://placehold.co/600x600?text=MOU+064,"Rapoo MT760 thuộc nhóm chuột, phù hợp cho nhu cầu học tập, làm việc và giải trí trong website demo bán hàng công nghệ.","{""connection"": ""Bluetooth"", ""dpi"": ""26000 DPI"", ""silent"": ""Không""}",False,active,2026-05-06,Mock data generated for demo; not real inventory
65,TCH-KEY-0065,Logitech K380 Multi-Device Pro,logitech-k380-multi-device-pro-065,Bàn phím,Logitech,4290000,4290000,0,11,4.2,414,36,https://placehold.co/600x600?text=KEY+065,"Logitech K380 Multi-Device Pro thuộc nhóm bàn phím, phù hợp cho nhu cầu học tập, làm việc và giải trí trong website demo bán hàng công nghệ.","{""layout"": ""Full-size"", ""switch"": ""Red"", ""connection"": ""2.4GHz""}",False,active,2026-05-22,Mock data generated for demo; not real inventory
66,TCH-KEY-0066,Akko 5075B Plus Max,akko-5075b-plus-max-066,Bàn phím,Akko,1990000,2340000,15,95,4.5,360,36,https://placehold.co/600x600?text=KEY+066,"Akko 5075B Plus Max thuộc nhóm bàn phím, phù hợp cho nhu cầu học tập, làm việc và giải trí trong website demo bán hàng công nghệ.","{""layout"": ""87 phím"", ""switch"": ""Red"", ""connection"": ""Bluetooth""}",False,active,2026-01-31,Mock data generated for demo; not real inventory
67,TCH-KEY-0067,Keychron K2 Pro Lite,keychron-k2-pro-lite-067,Bàn phím,Keychron,1190000,1350000,12,15,4.7,780,36,https://placehold.co/600x600?text=KEY+067,"Keychron K2 Pro Lite thuộc nhóm bàn phím, phù hợp cho nhu cầu học tập, làm việc và giải trí trong website demo bán hàng công nghệ.","{""layout"": ""75%"", ""switch"": ""Low-profile"", ""connection"": ""2.4GHz""}",False,active,2026-05-31,Mock data generated for demo; not real inventory
68,TCH-KEY-0068,Razer BlackWidow V4 SE,razer-blackwidow-v4-se-068,Bàn phím,Razer,2890000,3210000,10,12,4.8,303,12,https://placehold.co/600x600?text=KEY+068,"Razer BlackWidow V4 SE thuộc nhóm bàn phím, phù hợp cho nhu cầu học tập, làm việc và giải trí trong website demo bán hàng công nghệ.","{""layout"": ""87 phím"", ""switch"": ""Blue"", ""connection"": ""USB-C""}",False,active,2026-05-17,Mock data generated for demo; not real inventory
69,TCH-KEY-0069,DareU EK87 2025,dareu-ek87-2025-069,Bàn phím,DareU,1590000,1590000,0,6,4.5,714,12,https://placehold.co/600x600?text=KEY+069,"DareU EK87 2025 thuộc nhóm bàn phím, phù hợp cho nhu cầu học tập, làm việc và giải trí trong website demo bán hàng công nghệ.","{""layout"": ""87 phím"", ""switch"": ""Blue"", ""connection"": ""Bluetooth""}",False,active,2026-05-27,Mock data generated for demo; not real inventory
70,TCH-KEY-0070,Corsair K70 Core Plus,corsair-k70-core-plus-070,Bàn phím,Corsair,2590000,3240000,20,56,4.2,52,24,https://placehold.co/600x600?text=KEY+070,"Corsair K70 Core Plus thuộc nhóm bàn phím, phù hợp cho nhu cầu học tập, làm việc và giải trí trong website demo bán hàng công nghệ.","{""layout"": ""87 phím"", ""switch"": ""Blue"", ""connection"": ""Bluetooth""}",False,active,2026-04-13,Mock data generated for demo; not real inventory
71,TCH-MON-0071,LG UltraGear 24GN60R Pro,lg-ultragear-24gn60r-pro-071,Màn hình,LG,3590000,3590000,0,19,4.0,576,36,https://placehold.co/600x600?text=MON+071,"LG UltraGear 24GN60R Pro thuộc nhóm màn hình, phù hợp cho nhu cầu học tập, làm việc và giải trí trong website demo bán hàng công nghệ.","{""size"": ""24 inch"", ""resolution"": ""FHD"", ""refresh_rate"": ""180Hz""}",True,active,2026-02-27,Mock data generated for demo; not real inventory
72,TCH-MON-0072,Samsung Odyssey G3 SE,samsung-odyssey-g3-se-072,Màn hình,Samsung,12690000,14930000,15,57,4.9,304,36,https://placehold.co/600x600?text=MON+072,"Samsung Odyssey G3 SE thuộc nhóm màn hình, phù hợp cho nhu cầu học tập, làm việc và giải trí trong website demo bán hàng công nghệ.","{""size"": ""32 inch"", ""resolution"": ""FHD"", ""refresh_rate"": ""75Hz""}",False,active,2026-02-23,Mock data generated for demo; not real inventory
73,TCH-MON-0073,Dell P2425H Lite,dell-p2425h-lite-073,Màn hình,Dell,6390000,7100000,10,84,3.9,245,24,https://placehold.co/600x600?text=MON+073,"Dell P2425H Lite thuộc nhóm màn hình, phù hợp cho nhu cầu học tập, làm việc và giải trí trong website demo bán hàng công nghệ.","{""size"": ""24 inch"", ""resolution"": ""FHD"", ""refresh_rate"": ""180Hz""}",False,active,2026-04-26,Mock data generated for demo; not real inventory
74,TCH-MON-0074,AOC 24G2SE Lite,aoc-24g2se-lite-074,Màn hình,AOC,14190000,17740000,20,37,3.8,295,36,https://placehold.co/600x600?text=MON+074,"AOC 24G2SE Lite thuộc nhóm màn hình, phù hợp cho nhu cầu học tập, làm việc và giải trí trong website demo bán hàng công nghệ.","{""size"": ""27 inch"", ""resolution"": ""FHD"", ""refresh_rate"": ""100Hz""}",False,active,2026-03-09,Mock data generated for demo; not real inventory
75,TCH-MON-0075,ASUS TUF VG249Q3A SE,asus-tuf-vg249q3a-se-075,Màn hình,ASUS,14790000,15900000,7,54,3.9,230,24,https://placehold.co/600x600?text=MON+075,"ASUS TUF VG249Q3A SE thuộc nhóm màn hình, phù hợp cho nhu cầu học tập, làm việc và giải trí trong website demo bán hàng công nghệ.","{""size"": ""24 inch"", ""resolution"": ""FHD"", ""refresh_rate"": ""75Hz""}",False,active,2026-02-12,Mock data generated for demo; not real inventory
76,TCH-MON-0076,MSI G274F SE,msi-g274f-se-076,Màn hình,MSI,8290000,9210000,10,56,3.9,705,36,https://placehold.co/600x600?text=MON+076,"MSI G274F SE thuộc nhóm màn hình, phù hợp cho nhu cầu học tập, làm việc và giải trí trong website demo bán hàng công nghệ.","{""size"": ""27 inch"", ""resolution"": ""4K"", ""refresh_rate"": ""180Hz""}",False,active,2026-04-23,Mock data generated for demo; not real inventory
77,TCH-WAT-0077,Apple Watch SE 2,apple-watch-se-2-077,Smartwatch,Apple,1790000,2110000,15,94,4.2,256,12,https://placehold.co/600x600?text=WAT+077,"Apple Watch SE 2 thuộc nhóm smartwatch, phù hợp cho nhu cầu học tập, làm việc và giải trí trong website demo bán hàng công nghệ.","{""screen"": ""LCD"", ""battery"": ""14 ngày"", ""gps"": ""Có""}",True,active,2026-03-10,Mock data generated for demo; not real inventory
78,TCH-WAT-0078,Samsung Galaxy Watch7 Max,samsung-galaxy-watch7-max-078,Smartwatch,Samsung,1790000,1880000,5,60,4.4,452,24,https://placehold.co/600x600?text=WAT+078,"Samsung Galaxy Watch7 Max thuộc nhóm smartwatch, phù hợp cho nhu cầu học tập, làm việc và giải trí trong website demo bán hàng công nghệ.","{""screen"": ""LCD"", ""battery"": ""7 ngày"", ""gps"": ""Không""}",False,active,2026-01-24,Mock data generated for demo; not real inventory
79,TCH-WAT-0079,Xiaomi Watch S3 Pro,xiaomi-watch-s3-pro-079,Smartwatch,Xiaomi,8090000,9520000,15,42,4.2,107,12,https://placehold.co/600x600?text=WAT+079,"Xiaomi Watch S3 Pro thuộc nhóm smartwatch, phù hợp cho nhu cầu học tập, làm việc và giải trí trong website demo bán hàng công nghệ.","{""screen"": ""LCD"", ""battery"": ""7 ngày"", ""gps"": ""Không""}",False,active,2026-04-13,Mock data generated for demo; not real inventory
80,TCH-WAT-0080,Huawei Watch Fit 3 SE,huawei-watch-fit-3-se-080,Smartwatch,Huawei,12190000,12190000,0,58,3.9,258,24,https://placehold.co/600x600?text=WAT+080,"Huawei Watch Fit 3 SE thuộc nhóm smartwatch, phù hợp cho nhu cầu học tập, làm việc và giải trí trong website demo bán hàng công nghệ.","{""screen"": ""Retina"", ""battery"": ""14 ngày"", ""gps"": ""Có""}",True,active,2026-05-19,Mock data generated for demo; not real inventory
81,TCH-WAT-0081,Garmin Forerunner 165 Pro,garmin-forerunner-165-pro-081,Smartwatch,Garmin,9390000,9390000,0,24,4.4,637,24,https://placehold.co/600x600?text=WAT+081,"Garmin Forerunner 165 Pro thuộc nhóm smartwatch, phù hợp cho nhu cầu học tập, làm việc và giải trí trong website demo bán hàng công nghệ.","{""screen"": ""AMOLED"", ""battery"": ""1 ngày"", ""gps"": ""Không""}",False,active,2026-05-21,Mock data generated for demo; not real inventory
82,TCH-WAT-0082,Amazfit Bip 5 2025,amazfit-bip-5-2025-082,Smartwatch,Amazfit,6790000,8490000,20,112,4.6,124,12,https://placehold.co/600x600?text=WAT+082,"Amazfit Bip 5 2025 thuộc nhóm smartwatch, phù hợp cho nhu cầu học tập, làm việc và giải trí trong website demo bán hàng công nghệ.","{""screen"": ""LCD"", ""battery"": ""1 ngày"", ""gps"": ""Có""}",False,active,2026-03-21,Mock data generated for demo; not real inventory
83,TCH-SPK-0083,JBL Go 4 Max,jbl-go-4-max-083,Loa Bluetooth,JBL,539000,630000,15,11,4.1,116,24,https://placehold.co/600x600?text=SPK+083,"JBL Go 4 Max thuộc nhóm loa bluetooth, phù hợp cho nhu cầu học tập, làm việc và giải trí trong website demo bán hàng công nghệ.","{""power"": ""10W"", ""battery"": ""12 giờ"", ""waterproof"": ""Không""}",False,active,2026-03-16,Mock data generated for demo; not real inventory
84,TCH-SPK-0084,Sony SRS-XB100 Max,sony-srs-xb100-max-084,Loa Bluetooth,Sony,7690000,8540000,10,53,4.8,483,12,https://placehold.co/600x600?text=SPK+084,"Sony SRS-XB100 Max thuộc nhóm loa bluetooth, phù hợp cho nhu cầu học tập, làm việc và giải trí trong website demo bán hàng công nghệ.","{""power"": ""10W"", ""battery"": ""12 giờ"", ""waterproof"": ""IPX4""}",False,active,2026-05-11,Mock data generated for demo; not real inventory
85,TCH-SPK-0085,Marshall Emberton II Lite,marshall-emberton-ii-lite-085,Loa Bluetooth,Marshall,1790000,1790000,0,35,4.7,424,24,https://placehold.co/600x600?text=SPK+085,"Marshall Emberton II Lite thuộc nhóm loa bluetooth, phù hợp cho nhu cầu học tập, làm việc và giải trí trong website demo bán hàng công nghệ.","{""power"": ""20W"", ""battery"": ""8 giờ"", ""waterproof"": ""IPX7""}",False,active,2026-03-18,Mock data generated for demo; not real inventory
86,TCH-SPK-0086,Anker Soundcore 3 SE,anker-soundcore-3-se-086,Loa Bluetooth,Anker,6490000,8110000,20,110,4.0,551,24,https://placehold.co/600x600?text=SPK+086,"Anker Soundcore 3 SE thuộc nhóm loa bluetooth, phù hợp cho nhu cầu học tập, làm việc và giải trí trong website demo bán hàng công nghệ.","{""power"": ""50W"", ""battery"": ""12 giờ"", ""waterproof"": ""IPX7""}",False,active,2026-02-18,Mock data generated for demo; not real inventory
87,TCH-SSD-0087,Samsung 980 NVMe Lite,samsung-980-nvme-lite-087,Ổ cứng SSD,Samsung,3090000,3640000,15,29,4.8,420,36,https://placehold.co/600x600?text=SSD+087,"Samsung 980 NVMe Lite thuộc nhóm ổ cứng ssd, phù hợp cho nhu cầu học tập, làm việc và giải trí trong website demo bán hàng công nghệ.","{""capacity"": ""1TB"", ""interface"": ""SATA III"", ""speed"": ""5000MB/s""}",False,active,2026-04-09,Mock data generated for demo; not real inventory
88,TCH-SSD-0088,Kingston NV2 PCIe 4.0 Lite,kingston-nv2-pcie-4-0-lite-088,Ổ cứng SSD,Kingston,2190000,2740000,20,4,4.0,604,60,https://placehold.co/600x600?text=SSD+088,"Kingston NV2 PCIe 4.0 Lite thuộc nhóm ổ cứng ssd, phù hợp cho nhu cầu học tập, làm việc và giải trí trong website demo bán hàng công nghệ.","{""capacity"": ""1TB"", ""interface"": ""NVMe PCIe 3.0"", ""speed"": ""7000MB/s""}",False,active,2026-04-27,Mock data generated for demo; not real inventory
89,TCH-SSD-0089,WD Blue SN580,wd-blue-sn580-089,Ổ cứng SSD,WD,2090000,2460000,15,111,4.6,158,36,https://placehold.co/600x600?text=SSD+089,"WD Blue SN580 thuộc nhóm ổ cứng ssd, phù hợp cho nhu cầu học tập, làm việc và giải trí trong website demo bán hàng công nghệ.","{""capacity"": ""1TB"", ""interface"": ""NVMe PCIe 4.0"", ""speed"": ""7000MB/s""}",False,active,2026-04-12,Mock data generated for demo; not real inventory
90,TCH-SSD-0090,Crucial P3 Plus Lite,crucial-p3-plus-lite-090,Ổ cứng SSD,Crucial,1490000,1690000,12,109,4.6,546,60,https://placehold.co/600x600?text=SSD+090,"Crucial P3 Plus Lite thuộc nhóm ổ cứng ssd, phù hợp cho nhu cầu học tập, làm việc và giải trí trong website demo bán hàng công nghệ.","{""capacity"": ""2TB"", ""interface"": ""SATA III"", ""speed"": ""5000MB/s""}",False,active,2026-05-19,Mock data generated for demo; not real inventory
91,TCH-RAM-0091,Kingston Fury Beast 16GB,kingston-fury-beast-16gb-091,RAM máy tính,Kingston,749000,810000,7,80,4.6,294,36,https://placehold.co/600x600?text=RAM+091,"Kingston Fury Beast 16GB thuộc nhóm ram máy tính, phù hợp cho nhu cầu học tập, làm việc và giải trí trong website demo bán hàng công nghệ.","{""capacity"": ""16GB"", ""type"": ""DDR4"", ""bus"": ""6000MHz""}",False,active,2026-01-26,Mock data generated for demo; not real inventory
92,TCH-RAM-0092,Corsair Vengeance LPX 16GB Pro,corsair-vengeance-lpx-16gb-pro-092,RAM máy tính,Corsair,1290000,1430000,10,115,3.8,332,36,https://placehold.co/600x600?text=RAM+092,"Corsair Vengeance LPX 16GB Pro thuộc nhóm ram máy tính, phù hợp cho nhu cầu học tập, làm việc và giải trí trong website demo bán hàng công nghệ.","{""capacity"": ""16GB"", ""type"": ""DDR5"", ""bus"": ""3200MHz""}",False,active,2026-03-04,Mock data generated for demo; not real inventory
93,TCH-RAM-0093,G.Skill Ripjaws V 16GB Max,g-skill-ripjaws-v-16gb-max-093,RAM máy tính,G.Skill,2490000,2620000,5,21,4.0,624,60,https://placehold.co/600x600?text=RAM+093,"G.Skill Ripjaws V 16GB Max thuộc nhóm ram máy tính, phù hợp cho nhu cầu học tập, làm việc và giải trí trong website demo bán hàng công nghệ.","{""capacity"": ""8GB"", ""type"": ""DDR5"", ""bus"": ""6000MHz""}",False,active,2026-02-06,Mock data generated for demo; not real inventory
94,TCH-RAM-0094,Crucial DDR4 8GB 2025,crucial-ddr4-8gb-2025-094,RAM máy tính,Crucial,2790000,3100000,10,58,4.1,9,60,https://placehold.co/600x600?text=RAM+094,"Crucial DDR4 8GB 2025 thuộc nhóm ram máy tính, phù hợp cho nhu cầu học tập, làm việc và giải trí trong website demo bán hàng công nghệ.","{""capacity"": ""32GB"", ""type"": ""DDR4"", ""bus"": ""3200MHz""}",False,active,2026-04-24,Mock data generated for demo; not real inventory
95,TCH-RTR-0095,TP-Link Archer AX23 Plus,tp-link-archer-ax23-plus-095,Router WiFi,TP-Link,6390000,7100000,10,81,5.0,706,36,https://placehold.co/600x600?text=RTR+095,"TP-Link Archer AX23 Plus thuộc nhóm router wifi, phù hợp cho nhu cầu học tập, làm việc và giải trí trong website demo bán hàng công nghệ.","{""standard"": ""WiFi 6"", ""speed"": ""AC1200"", ""antenna"": ""6 anten""}",False,active,2026-05-04,Mock data generated for demo; not real inventory
96,TCH-RTR-0096,ASUS RT-AX53U,asus-rt-ax53u-096,Router WiFi,ASUS,2790000,3280000,15,73,4.2,302,36,https://placehold.co/600x600?text=RTR+096,"ASUS RT-AX53U thuộc nhóm router wifi, phù hợp cho nhu cầu học tập, làm việc và giải trí trong website demo bán hàng công nghệ.","{""standard"": ""WiFi 6E"", ""speed"": ""AX1800"", ""antenna"": ""6 anten""}",True,active,2026-01-03,Mock data generated for demo; not real inventory
97,TCH-RTR-0097,Mercusys MR70X Max,mercusys-mr70x-max-097,Router WiFi,Mercusys,799000,1000000,20,106,4.9,293,24,https://placehold.co/600x600?text=RTR+097,"Mercusys MR70X Max thuộc nhóm router wifi, phù hợp cho nhu cầu học tập, làm việc và giải trí trong website demo bán hàng công nghệ.","{""standard"": ""WiFi 6"", ""speed"": ""AC1200"", ""antenna"": ""mesh ready""}",False,active,2026-02-18,Mock data generated for demo; not real inventory
98,TCH-CAM-0098,TP-Link Tapo C200 360 Max,tp-link-tapo-c200-360-max-098,Camera,TP-Link Tapo,1590000,1670000,5,80,3.9,642,12,https://placehold.co/600x600?text=CAM+098,"TP-Link Tapo C200 360 Max thuộc nhóm camera, phù hợp cho nhu cầu học tập, làm việc và giải trí trong website demo bán hàng công nghệ.","{""resolution"": ""3MP"", ""rotation"": ""Cố định"", ""night_vision"": ""Có""}",False,active,2026-05-29,Mock data generated for demo; not real inventory
99,TCH-CAM-0099,Ezviz C6N 2MP Plus,ezviz-c6n-2mp-plus-099,Camera,Ezviz,969000,969000,0,116,4.2,765,24,https://placehold.co/600x600?text=CAM+099,"Ezviz C6N 2MP Plus thuộc nhóm camera, phù hợp cho nhu cầu học tập, làm việc và giải trí trong website demo bán hàng công nghệ.","{""resolution"": ""2MP"", ""rotation"": ""360 độ"", ""night_vision"": ""Có""}",True,active,2026-05-16,Mock data generated for demo; not real inventory
100,TCH-CAM-0100,Xiaomi Smart Camera C300 Max,xiaomi-smart-camera-c300-max-100,Camera,Xiaomi,1690000,1780000,5,32,4.9,493,24,https://placehold.co/600x600?text=CAM+100,"Xiaomi Smart Camera C300 Max thuộc nhóm camera, phù hợp cho nhu cầu học tập, làm việc và giải trí trong website demo bán hàng công nghệ.","{""resolution"": ""3MP"", ""rotation"": ""Cố định"", ""night_vision"": ""Có""}",False,active,2026-04-30,Mock data generated for demo; not real inventory
